{
  "main": {
    "id": "f812fdd6e7934581",
    "type": "split",
    "children": [
      {
        "id": "13e2df5497be27cb",
        "type": "tabs",
        "children": [
          {
            "id": "fdd9bf6c9401d9ab",
            "type": "leaf",
            "state": {
              "type": "markdown",
              "state": {
                "file": "Lab - Blind SQL injection with conditional errors.md",
                "mode": "source",
                "source": false
              }
            }
          }
        ]
      }
    ],
    "direction": "vertical"
  },
  "left": {
    "id": "eb43ffd059cdd20b",
    "type": "split",
    "children": [
      {
        "id": "700f99cb0a8732dc",
        "type": "tabs",
        "children": [
          {
            "id": "62662fc7a0a4532f",
            "type": "leaf",
            "state": {
              "type": "file-explorer",
              "state": {
                "sortOrder": "alphabetical"
              }
            }
          },
          {
            "id": "b0704afdb7bf7a1a",
            "type": "leaf",
            "state": {
              "type": "search",
              "state": {
                "query": "",
                "matchingCase": false,
                "explainSearch": false,
                "collapseAll": false,
                "extraContext": false,
                "sortOrder": "alphabetical"
              }
            }
          },
          {
            "id": "91d1f080fdc98cbd",
            "type": "leaf",
            "state": {
              "type": "bookmarks",
              "state": {}
            }
          }
        ]
      }
    ],
    "direction": "horizontal",
    "width": 300
  },
  "right": {
    "id": "6bc2e0796c3981fd",
    "type": "split",
    "children": [
      {
        "id": "3acaf62360c98f49",
        "type": "tabs",
        "children": [
          {
            "id": "617d79e0088afbaa",
            "type": "leaf",
            "state": {
              "type": "backlink",
              "state": {
                "file": "Lab - Blind SQL injection with conditional errors.md",
                "collapseAll": false,
                "extraContext": false,
                "sortOrder": "alphabetical",
                "showSearch": false,
                "searchQuery": "",
                "backlinkCollapsed": false,
                "unlinkedCollapsed": true
              }
            }
          },
          {
            "id": "4b5c2ddc18c526d8",
            "type": "leaf",
            "state": {
              "type": "outgoing-link",
              "state": {
                "file": "Lab - Blind SQL injection with conditional errors.md",
                "linksCollapsed": false,
                "unlinkedCollapsed": true
              }
            }
          },
          {
            "id": "3e906ad4d8c3bf8d",
            "type": "leaf",
            "state": {
              "type": "tag",
              "state": {
                "sortOrder": "frequency",
                "useHierarchy": true
              }
            }
          },
          {
            "id": "72a3e4db97a3e141",
            "type": "leaf",
            "state": {
              "type": "outline",
              "state": {
                "file": "Lab - Blind SQL injection with conditional errors.md"
              }
            }
          }
        ]
      }
    ],
    "direction": "horizontal",
    "width": 300,
    "collapsed": true
  },
  "left-ribbon": {
    "hiddenItems": {
      "switcher:Open quick switcher": false,
      "graph:Open graph view": false,
      "canvas:Create new canvas": false,
      "daily-notes:Open today's daily note": false,
      "templates:Insert template": false,
      "command-palette:Open command palette": false
    }
  },
  "active": "fdd9bf6c9401d9ab",
  "lastOpenFiles": [
    "Pasted image 20240512195704.png",
    "Blind SQL injection with conditional errors.md",
    "Pasted image 20240512195021.png",
    "Lab - Blind SQL injection with conditional errors.md",
    "Pasted image 20240512194156.png",
    "Pasted image 20240512194142.png",
    "Pasted image 20240512194003.png",
    "Pasted image 20240512193849.png",
    "Pasted image 20240512190856.png",
    "Pasted image 20240512185954.png",
    "Pasted image 20240512185239.png",
    "Pasted image 20240512185043.png",
    "Pasted image 20240512184959.png"
  ]
}